rank	rubygem_id	name	downloads
1	19969	bundler	3776318255
2	87352	aws-sdk-core	1759461451
3	152855	aws-sigv4	1562367020
4	153981	aws-partitions	1526650446
5	114449	jmespath	1444973006
6	18291	i18n	1441957392
7	15163	activesupport	1438815714
8	15077	rake	1423324398
9	14981	json	1386782990
10	81534	concurrent-ruby	1379672999
11	173215	aws-eventstream	1366047329
12	15261	rack	1354658167
13	14982	tzinfo	1325020702
14	16943	minitest	1306030926
15	16156	addressable	1272648315
16	15272	nokogiri	1269106872
17	24719	faraday	1264998877
18	51490	public_suffix	1244377368
19	15123	diff-lcs	1235687965
20	20609	rspec-core	1203964056
21	20610	rspec-expectations	1203394788
22	20611	rspec-mocks	1198112986
23	87589	rspec-support	1190657974
24	29916	multi_json	1168558599
25	15655	thor	1157203197
26	154044	aws-sdk-s3	1111565914
27	15613	ffi	1093477124
28	154033	aws-sdk-kms	1076026341
29	15076	rspec	1023395102
30	36554	unicode-display_width	991165874
31	15274	builder	935370404
32	15446	mime-types	932037559
33	16590	multipart-post	928560085
34	22283	activemodel	898815916
35	154400	mini_mime	889313221
36	74822	parser	846679537
37	15353	activerecord	842979731
38	15100	rexml	831313231
39	15420	actionpack	830938834
40	21384	parallel	829787630
41	38605	jwt	817748894
42	16108	rack-test	816752760
43	75061	ast	801833406
44	15609	tilt	796171353
45	15494	rails	793553423
46	16000	rubyzip	792300182
47	26159	railties	792268011
48	20421	actionview	781825194
49	15237	actionmailer	778244585
50	36010	method_source	778148725
51	22621	mail	769110450
52	196438	faraday-net_http	756993893
53	17073	rainbow	756911953
54	22511	ruby-progressbar	751535176
55	20322	loofah	751455829
56	58037	rubocop	751186116
57	136470	mime-types-data	746386765
58	16416	racc	740530728
59	41621	connection_pool	734942189
60	110977	rails-html-sanitizer	711394819
61	22909	excon	710718603
62	98821	activejob	710389390
63	180275	zeitwerk	705783743
64	51537	nio4r	695805149
65	73976	http-cookie	688738477
66	110855	rails-dom-testing	686786308
67	22982	domain_name	677352425
68	35151	regexp_parser	672119768
69	110853	globalid	669459337
70	77150	websocket-driver	647782011
71	15280	coderay	642383648
72	35765	pry	635970409
73	152941	erubi	633579698
74	16001	sprockets	623892246
75	16475	rubygems-update	622898599
76	85152	crass	620700975
77	136317	mini_portile2	614126014
78	57659	thread_safe	612788244
79	48064	puma	608844223
80	124976	actioncable	608122593
81	33401	multi_xml	604495329
82	117407	websocket-extensions	596050183
83	16914	redis	585455182
84	192914	rubocop-ast	567791438
85	24125	sprockets-rails	564603050
86	48850	netrc	561455090
87	62073	dotenv	551894504
88	152188	activestorage	544572207
89	48017	unf_ext	539800786
90	15535	httpclient	539515994
91	137014	base64	529419742
92	17610	msgpack	522358699
93	43080	rack-protection	520058451
94	33757	rb-fsevent	516013910
95	121525	googleauth	513514049
96	48018	unf	509534604
97	53424	bigdecimal	508068205
98	32035	simplecov	503985134
99	50800	docile	503772967
100	32624	signet	502417244
101	32036	simplecov-html	494838796
102	24023	rb-inotify	493662940
103	187352	ruby2_keywords	492577832
104	23404	hashie	488801412
105	169072	marcel	488613271
106	15371	rest-client	486457328
107	15152	httparty	483848456
108	74200	byebug	481529296
109	51586	webrick	479109300
110	17289	pg	473887197
111	24630	os	471899367
112	33184	faraday_middleware	465130816
113	117381	google-protobuf	455263324
114	51194	actiontext	449846894
115	179363	actionmailbox	449684470
116	58988	hashdiff	429182486
117	23707	webmock	426200608
118	41603	logger	425961071
119	21592	terminal-table	421613318
120	22594	bcrypt	416832158
121	39188	execjs	416167134
122	15295	crack	416145872
123	204705	faraday-retry	415452591
124	15498	rspec-rails	410166983
125	53582	retriable	408441672
126	52946	listen	402827991
127	64924	sawyer	402753159
128	200156	faraday-excon	401103973
129	204730	faraday-multipart	400401815
130	199640	faraday-net_http_persistent	396720943
131	36675	octokit	395153621
132	15820	net-ssh	388750685
133	101268	knapsack	387373345
134	44011	aws-sdk	384268117
135	41013	representable	383140140
136	192046	net-imap	382802067
137	16012	mini_magick	382747429
138	156633	bootsnap	378790728
139	61688	uber	376580677
140	128605	declarative	368806530
141	20367	sass	367161295
142	112910	aws-sdk-resources	367140413
143	92367	timeout	364686546
144	200431	faraday-em_synchrony	363272355
145	23692	capybara	360391089
146	23422	selenium-webdriver	359051402
147	15389	sinatra	357937421
148	156248	factory_bot	356056492
149	69212	request_store	354341824
150	200415	faraday-em_http	351687092
151	15279	rdoc	350583904
152	154051	aws-sdk-sqs	346465503
153	15117	faker	344316200
154	15013	highline	342510222
155	31783	xpath	342452617
156	158850	google-cloud-env	340580272
157	201625	faraday-httpclient	339700573
158	53348	sidekiq	338023284
159	24207	responders	336603698
160	201630	faraday-patron	336056425
161	15368	eventmachine	333086534
162	175025	rubocop-performance	331175206
163	20250	arel	330370022
164	187711	net-smtp	329927624
165	202025	faraday-rack	329674630
166	63779	rouge	327949685
167	52724	memoist	322010164
168	15316	daemons	317040247
169	50536	jbuilder	314301018
170	29572	digest-crc	312638556
171	31820	jquery-rails	312296880
172	33558	childprocess	310345680
173	155635	rubocop-rails	310040819
174	15327	warden	308225176
175	54087	oj	307669751
176	26393	date	307215665
177	192017	net-protocol	302179384
178	15055	erubis	301840719
179	15193	launchy	300947575
180	164911	language_server-protocol	300767236
181	60390	ethon	299331204
182	91907	rubocop-rspec	297571500
183	22461	devise	297348226
184	76696	mustermann	296429937
185	156249	factory_bot_rails	295486021
186	42066	sass-rails	295351295
187	34530	uglifier	295326912
188	21444	typhoeus	291314566
189	197661	google-apis-core	288317954
190	77301	pry-byebug	288271382
191	27995	awesome_print	288152797
192	33508	orm_adapter	288016338
193	149765	google-cloud-core	284806834
194	23972	formatador	283853035
195	154052	aws-sdk-ssm	280420317
196	140126	http-accept	279134190
197	28510	oauth2	278427211
198	29611	rack-cors	276618035
199	22808	drb	276379674
200	37205	shoulda-matchers	274780435
201	42037	rspec_junit_formatter	273958293
202	195340	simplecov_json_formatter	273725361
203	15605	timecop	273621413
204	37893	kaminari	273599395
205	30478	CFPropertyList	271436403
206	188857	google-cloud-errors	271382164
207	34841	coffee-script-source	266753376
208	154012	aws-sdk-ec2	265013533
209	69727	spring	260315709
210	183124	reline	258846129
211	200033	trailblazer-option	258622710
212	24858	coffee-script	257821563
213	137017	uri	256098527
214	24568	temple	254245500
215	23764	kramdown	254192030
216	66529	claide	254136665
217	35824	net-ntp	249280732
218	179060	irb	248039431
219	142041	colored2	247256860
220	187710	net-pop	246095518
221	39893	psych	245906536
222	150696	dry-core	244959603
223	15018	htmlentities	243756363
224	28069	mysql2	243159588
225	116263	tty-screen	242951195
226	47666	io-console	242363605
227	149767	google-cloud-storage	241599814
228	154408	kaminari-core	241137072
229	195827	securerandom	238769381
230	187703	benchmark	237368206
231	32216	brakeman	237265202
232	43431	coffee-rails	236929449
233	154410	kaminari-activerecord	236726133
234	15054	yard	236514942
235	154409	kaminari-actionview	236203769
236	167236	dry-inflector	233944123
237	16310	net-scp	232675839
238	136871	tty-cursor	232613635
239	45699	pry-rails	230544888
240	158271	et-orbi	228772353
241	164925	googleapis-common-protos-types	228372015
242	28740	omniauth	225778988
243	48746	xcodeproj	225642237
244	154031	aws-sdk-kinesis	223696823
245	142386	dry-types	221456404
246	138813	dry-logic	220552077
247	21765	database_cleaner	219019012
248	84924	elasticsearch-api	218465488
249	26742	elasticsearch	217412696
250	155158	fugit	216964366
251	47286	http	215121242
252	15349	plist	214768987
253	70693	safe_yaml	214312545
254	116687	fastlane	214038268
255	21907	fastimage	212861728
256	22108	redis-namespace	212644469
257	154010	aws-sdk-dynamodb	212437235
258	121775	sassc	212032161
259	28863	net-http-persistent	209863113
260	25341	chunky_png	209298519
261	55901	ice_nine	209154276
262	15633	thin	209009321
263	17171	git	208903210
264	133368	raabro	208485644
265	121632	grpc	208374882
266	197944	google-apis-storage_v1	208141817
267	179059	mutex_m	207892814
268	61548	websocket	207169428
269	15278	haml	206738379
270	118404	http-form_data	206611475
271	74457	dotenv-rails	206377019
272	205427	rack-session	206281115
273	71917	debug_inspector	205309541
274	120232	graphql	204753684
275	26820	prism	203649387
276	61473	timers	202739753
277	136030	csv	202709459
278	197922	google-apis-iamcredentials_v1	202048561
279	55249	lograge	201790453
280	38927	binding_of_caller	200232898
281	126803	rails-controller-testing	200000403
282	192016	net-http	199971045
283	171951	stringio	198843904
284	35355	json-schema	196679660
285	15916	sqlite3	196375177
286	92726	fog-core	196307783
287	24215	mimemagic	193302837
288	127847	dry-configurable	193123176
289	17562	nap	190118575
290	47538	omniauth-oauth2	189423833
291	17520	newrelic_rpm	186958555
292	92931	fog-json	186656481
293	81944	web-console	185913924
294	33759	google-api-client	185633379
295	21697	bullet	185183173
296	29339	ipaddress	184930918
297	35091	uniform_notifier	184079388
298	97571	state_machines	183915701
299	208135	rackup	183665772
300	15821	net-sftp	182765380
301	100060	fog-xml	182469642
302	19075	css_parser	182257635
303	70601	ffi-compiler	181068092
304	144801	sass-listen	180951226
305	34267	http_parser.rb	180588872
306	25288	rack-proxy	180164613
307	92571	matrix	179790376
308	152138	nanaimo	178844683
309	15029	xml-simple	177712323
310	159139	unicode-emoji	177201686
311	118308	fog-aws	176812646
312	122037	sassc-rails	176365833
313	154050	aws-sdk-sns	176357964
314	84929	elasticsearch-transport	174911811
315	180114	kramdown-parser-gfm	174262309
316	30700	babosa	174123035
317	15245	oauth	170444938
318	60152	aws-sdk-cloudwatch	170251630
319	153990	aws-sdk-cloudformation	170070564
320	154034	aws-sdk-lambda	169858637
321	171971	aws-sdk-secretsmanager	169711602
322	18511	colorize	168593767
323	26998	parallel_tests	168400190
324	75694	faraday-cookie_jar	168360173
325	31643	activerecord-import	167849543
326	39904	celluloid	167684361
327	26846	vcr	166368172
328	39997	ttfunk	165134063
329	75546	autoprefixer-rails	164852838
330	115793	tty-spinner	164834815
331	117855	bindex	164479171
332	16855	rchardet	164247746
333	206383	redis-client	162864207
334	169253	atomos	161683850
335	179057	ostruct	161643943
336	46965	fluent-plugin-s3	161015530
337	125946	fluent-plugin-kubernetes_metadata_filter	160109521
338	146869	gh_inspector	158439456
339	35410	slop	158283254
340	86151	stackprof	158160333
341	15450	colored	157994888
342	197870	google-apis-androidpublisher_v3	157601830
343	33411	guard	155485016
344	38109	lumberjack	155049638
345	154026	aws-sdk-iam	153816848
346	62127	rack-attack	153524847
347	183849	sorbet-runtime	152651727
348	16192	sexp_processor	152633800
349	17372	backports	152416321
350	196673	sentry-ruby	152254900
351	15365	open4	151382201
352	21734	commander	150224577
353	21205	paper_trail	148230367
354	154013	aws-sdk-ecr	147029582
355	30826	browser	146785730
356	72089	bundler-audit	146193777
357	89246	xcpretty	145857222
358	153997	aws-sdk-cloudwatchlogs	145649296
359	67966	descendants_tracker	144974167
360	19223	carrierwave	144184588
361	207450	version_gem	143937652
362	19404	bindata	143926938
363	167221	pp	143816889
364	64978	turbolinks	143595798
365	68175	climate_control	143405177
366	15744	rufus-scheduler	142723080
367	117403	nenv	142412054
368	118060	notiffany	142394072
369	16402	ruby_parser	142114650
370	43870	rails-i18n	141934784
371	68038	faraday-http-cache	141376875
372	21109	useragent	141354755
373	84023	slack-notifier	141105219
374	15461	unicode_utils	140975265
375	46552	cocoapods	140869769
376	117992	shellany	140783026
377	38160	rotp	140499920
378	212045	lint_roller	140099488
379	17056	liquid	139962996
380	154042	aws-sdk-route53	139684574
381	178700	bootboot	139408765
382	163117	emoji_regex	139301799
383	111927	jaro_winkler	138925171
384	51394	active_model_serializers	138504353
385	16293	sanitize	138147031
386	60133	dogstatsd-ruby	137827251
387	127848	dry-container	137531410
388	31660	ruby-saml	137340823
389	143817	dry-initializer	136860657
390	23467	redis-store	136718028
391	72892	cocoapods-core	136556252
392	68703	naturally	136409995
393	61959	security	136280850
394	62249	terminal-notifier	135862727
395	86502	spring-commands-rspec	135843810
396	116915	guard-compat	135575521
397	15469	chronic	135396199
398	39825	redcarpet	135387726
399	37688	twilio-ruby	135377308
400	176303	optimist	135061738
401	138108	simctl	134877815
402	17164	money	134549143
403	69574	coercible	134458765
404	189351	database_cleaner-active_record	134288512
405	29296	foreman	133914715
406	60472	ruby-vips	133698025
407	41056	nori	133387400
408	51648	celluloid-io	133291801
409	24845	countries	132641528
410	168037	ed25519	132427690
411	67875	equalizer	131789458
412	154046	aws-sdk-ses	131587003
413	42489	virtus	131180702
414	191986	database_cleaner-core	130518471
415	16699	rqrcode	130381870
416	32005	dalli	130176706
417	33413	guard-rspec	130133523
418	208486	snaky_hash	129313661
419	74088	axiom-types	129276040
420	35470	gyoku	128869440
421	154023	aws-sdk-firehose	128468962
422	133975	image_processing	128420322
423	46081	redis-rack	128386281
424	121928	xcpretty-travis-formatter	128056530
425	154018	aws-sdk-elasticloadbalancing	127831638
426	24065	premailer	127654714
427	46077	redis-actionpack	126587243
428	133765	danger	126423833
429	61933	rspec-retry	126420145
430	38688	ruby-rc4	126183088
431	78790	tzinfo-data	125660032
432	91749	word_wrap	125366527
433	128004	debug	125290948
434	33213	kgio	125126493
435	46877	tins	124874495
436	28126	raindrops	124813188
437	48405	omniauth-google-oauth2	124342111
438	24077	encryptor	123281082
439	18994	deep_merge	123207077
440	180607	dry-schema	123149773
441	124446	celluloid-supervision	122968336
442	43921	stripe	122871745
443	92644	get_process_mem	122808561
444	84130	prettyprint	122772409
445	124127	celluloid-pool	122763609
446	124855	celluloid-essentials	122743248
447	124439	celluloid-fsm	122734978
448	124748	celluloid-extras	122732402
449	164890	faraday_middleware-aws-sigv4	122682320
450	112895	debase-ruby_core_source	122656658
451	43204	statsd-ruby	122609805
452	19885	optparse	122200927
453	16750	erb	121602256
454	154040	aws-sdk-rds	121336838
455	196674	sentry-rails	121318499
456	153991	aws-sdk-cloudfront	120758331
457	46061	letter_opener	120670142
458	156270	declarative-option	120307124
459	197832	google-apis-playcustomapp_v1	119799983
460	80486	artifactory	119619690
461	15459	unicorn	119515898
462	136732	dry-validation	119474029
463	28123	bson	118888503
464	39898	ransack	118542360
465	138447	tty-color	117451115
466	142207	cork	117356665
467	74911	wisper	117202510
468	147699	claide-plugins	116993793
469	113713	pastel	116978199
470	64767	gitlab	116019877
471	16718	roo	115971512
472	195823	nkf	115728304
473	114527	molinillo	115394236
474	42591	rubygems-bundler	115318516
475	160195	aws-sdk-states	115251040
476	49409	doorkeeper	115133959
477	69738	eye	114900967
478	17315	pdf-reader	114840272
479	19910	Ascii85	114110368
480	153996	aws-sdk-cloudwatchevents	113917152
481	153998	aws-sdk-codecommit	113524079
482	39533	dogapi	113459000
483	153988	aws-sdk-autoscaling	113112435
484	141359	googleapis-common-protos	112999403
485	154014	aws-sdk-ecs	112717928
486	20298	ansi	112649247
487	58063	sentry-raven	112524128
488	17640	gli	112229938
489	34347	rack-timeout	111973855
490	72896	cocoapods-downloader	111887409
491	169347	kostya-sigar	111837300
492	73782	premailer-rails	111754400
493	67716	pundit	111264759
494	17499	geocoder	111017508
495	32721	httpi	110808681
496	15789	systemu	110744632
497	68707	better_errors	110487949
498	46372	json-jwt	110193971
499	47507	capybara-screenshot	109988154
500	142563	bcrypt_pbkdf	109528758
501	20195	yajl-ruby	109525395
502	130613	ruby-macho	109111696
503	171952	strscan	108880273
504	35296	diffy	108491966
505	84187	memory_profiler	108446211
506	15231	will_paginate	108371577
507	14992	logging	107256164
508	199271	llhttp-ffi	106543454
509	21829	aasm	106521436
510	80986	powerpack	106510363
511	52221	fuzzy_match	105626025
512	75387	fluent-plugin-record-modifier	104994468
513	20046	little-plugger	104969279
514	43561	wasabi	104893093
515	140040	turbolinks-source	104856732
516	154019	aws-sdk-elasticloadbalancingv2	104816825
517	17670	mongo	104734615
518	125169	aes_key_wrap	104640605
519	16874	prawn	104385501
520	15658	cucumber	104159392
521	61309	reverse_markdown	104156591
522	81109	rspec-its	104062357
523	151370	jsonapi-renderer	103839622
524	98758	cocoapods-trunk	103690809
525	28575	hashery	103684275
526	43566	akami	103237072
527	79443	unparser	102914826
528	210262	rubocop-capybara	102592584
529	15558	polyglot	102146679
530	21508	savon	101961594
531	163230	ssrf_filter	101951186
532	33281	afm	101701488
533	154002	aws-sdk-cognitoidentityprovider	101506414
534	110858	rails-deprecated_sanitizer	101121449
535	124314	tomlrb	101049256
536	160840	aws-sdk-athena	100357666
537	156054	ddtrace	100086965
538	212316	rubocop-factory_bot	100001092
539	23539	i18n_data	99980968
540	15413	uuidtools	99744129
541	154254	aws-sdk-rekognition	99731538
542	90222	pdf-core	99175033
543	23298	simple_form	98789375
544	70657	sshkit	98784310
545	15210	test-unit	98682969
546	15670	escape	98615561
547	113191	cocoapods-deintegrate	98609616
548	154004	aws-sdk-configservice	98395866
549	15067	mocha	98156990
550	25198	openssl	97921445
551	82586	algoliasearch	97590534
552	153985	aws-sdk-apigateway	97579120
553	154041	aws-sdk-redshift	97484266
554	163996	aws-sdk-glue	97422481
555	83412	sidekiq-cron	97314084
556	88901	cocoapods-try	97276920
557	154016	aws-sdk-elasticache	97034703
558	126039	commonmarker	97026421
559	137856	fourflusher	97002665
560	79736	docker-api	96633282
561	97998	cocoapods-search	96407455
562	18097	jsonpath	96217089
563	140205	activemodel-serializers-xml	96157810
564	15014	term-ansicolor	96136411
565	154107	webpacker	96130269
566	62519	flipper	95913987
567	150605	case_transform	95677199
568	93319	cancancan	95611659
569	154020	aws-sdk-elasticsearchservice	95447558
570	149359	graphql-client	95035008
571	97212	cocoapods-plugins	94987240
572	153984	aws-sdk-acm	94984546
573	156147	aws-sdk-batch	94973989
574	154247	aws-sdk-pinpoint	94931144
575	15170	treetop	94862492
576	153995	aws-sdk-cloudtrail	94816200
577	167561	aws-sdk-mediaconvert	94786138
578	157794	aws-sdk-organizations	94655960
579	46076	redis-activesupport	94534774
580	72173	fluent-plugin-elasticsearch	94278768
581	156589	no_proxy_fix	94229922
582	50599	mixlib-shellout	94169195
583	154022	aws-sdk-emr	94108501
584	16886	require_all	94107735
585	153999	aws-sdk-codedeploy	93867982
586	154244	aws-sdk-xray	93803319
587	154005	aws-sdk-databasemigrationservice	93748870
588	154015	aws-sdk-efs	93597916
589	153986	aws-sdk-applicationautoscaling	93591057
590	167664	aws-sdk-sagemaker	93583821
591	154011	aws-sdk-dynamodbstreams	93474875
592	78823	multi_test	93110984
593	154255	aws-sdk-codebuild	93018038
594	16458	rubyntlm	92915727
595	154017	aws-sdk-elasticbeanstalk	92880786
596	16507	ruby-prof	92579016
597	55980	sixarm_ruby_unaccent	92518258
598	154029	aws-sdk-iot	92464864
599	130410	slack-ruby-client	92363323
600	163998	aws-sdk-cloudhsmv2	92246908
601	154000	aws-sdk-codepipeline	92193409
602	154045	aws-sdk-servicecatalog	92156027
603	53824	jquery-ui-rails	91822386
604	154246	aws-sdk-polly	91615422
605	154001	aws-sdk-cognitoidentity	91514593
606	164532	tty-reader	91504291
607	135461	tty-prompt	91428700
608	27967	ice_cube	91280890
609	154251	aws-sdk-lightsail	91208028
610	153989	aws-sdk-budgets	91185107
611	154043	aws-sdk-route53domains	91162098
612	154056	aws-sdk-waf	91089197
613	154057	aws-sdk-workspaces	91075161
614	22141	recaptcha	91006771
615	16004	activeresource	90866359
616	35033	rugged	90608367
617	157753	aws-sdk-costandusagereportservice	90527817
618	32824	slim	90441738
619	154243	aws-sdk-shield	90386833
620	123933	fog-google	90276312
621	15361	capistrano	90261761
622	19583	annotate	90109774
623	153992	aws-sdk-cloudhsm	89997265
624	153987	aws-sdk-applicationdiscoveryservice	89879172
625	167628	aws-sdk-guardduty	89764802
626	167658	aws-sdk-comprehend	89707144
627	154008	aws-sdk-directconnect	89515931
628	154009	aws-sdk-directoryservice	89484733
629	154024	aws-sdk-gamelift	89452589
630	55913	benchmark-ips	89430419
631	154053	aws-sdk-storagegateway	89422448
632	154245	aws-sdk-appstream	89284103
633	160190	aws-sdk-resourcegroupstaggingapi	89259415
634	153993	aws-sdk-cloudsearch	89207035
635	154007	aws-sdk-devicefarm	89192873
636	167663	aws-sdk-sagemakerruntime	89114497
637	167341	aws-sdk-costexplorer	89049278
638	92883	cucumber-core	88795572
639	167563	aws-sdk-medialive	88729977
640	154039	aws-sdk-opsworks	88676707
641	169340	aws-sdk-transcribeservice	88673525
642	154048	aws-sdk-sms	88657278
643	121182	fog-local	88629479
644	160196	aws-sdk-lex	88605802
645	154025	aws-sdk-glacier	88520992
646	162119	aws-sdk-dax	88485134
647	154047	aws-sdk-simpledb	88477740
648	154038	aws-sdk-marketplacemetering	88413808
649	162120	aws-sdk-greengrass	88406989
650	154253	aws-sdk-health	88365455
651	160191	aws-sdk-lexmodelbuildingservice	88315395
652	154030	aws-sdk-iotdataplane	88289879
653	154049	aws-sdk-snowball	88239856
654	154055	aws-sdk-swf	88091836
655	163997	aws-sdk-migrationhub	88030315
656	32607	validate_url	87957800
657	22687	net-ldap	87911540
658	154036	aws-sdk-machinelearning	87839847
659	153994	aws-sdk-cloudsearchdomain	87804172
660	154021	aws-sdk-elastictranscoder	87688653
661	167661	aws-sdk-translate	87554537
662	154037	aws-sdk-marketplacecommerceanalytics	87545876
663	154248	aws-sdk-wafregional	87494464
664	154028	aws-sdk-inspector	87488878
665	154054	aws-sdk-support	87439864
666	173988	aws-sdk-eks	87407611
667	99399	power_assert	87399160
668	157868	aws-sdk-workdocs	87398347
669	157792	aws-sdk-mturk	87362268
670	157795	aws-sdk-clouddirectory	87310328
671	203240	libddwaf	87303075
672	33858	hike	87246161
673	160194	aws-sdk-marketplaceentitlementservice	87231491
674	154032	aws-sdk-kinesisanalytics	87152392
675	154006	aws-sdk-datapipeline	87140648
676	60730	rack-mini-profiler	87122673
677	154003	aws-sdk-cognitosync	87098815
678	197495	turbo-rails	87026686
679	171804	aws-sdk-connect	86989974
680	167629	aws-sdk-appsync	86983748
681	154027	aws-sdk-importexport	86916475
682	116216	spring-watcher-listen	86915813
683	167630	aws-sdk-mq	86880583
684	167579	aws-sdk-mediapackage	86628783
685	46078	redis-rails	86620351
686	184897	rqrcode_core	86593624
687	15160	ruby-ole	86547897
688	187704	cgi	86456355
689	154249	aws-sdk-opsworkscm	86393660
690	153596	webdrivers	86368969
691	38656	wicked_pdf	86268635
692	139194	ruby-kafka	86231446
693	196675	sentry-sidekiq	86143681
694	32196	grape	86108771
695	34568	hiredis	85882583
696	167659	aws-sdk-kinesisvideo	85690475
697	167858	aws-sdk-servicediscovery	85635734
698	166871	aws-sdk-pricing	85575139
699	167680	aws-sdk-resourcegroups	85511187
700	168080	aws-sdk-workmail	85372429
701	167564	aws-sdk-mediastore	85034210
702	167662	aws-sdk-kinesisvideoarchivedmedia	84945227
703	167702	aws-sdk-serverlessapplicationrepository	84807318
704	167701	aws-sdk-cloud9	84687181
705	63953	rbs	84675796
706	207123	libdatadog	84603974
707	35612	attr_required	84247296
708	136591	strong_migrations	84191451
709	34328	parslet	84153796
710	171972	aws-sdk-acmpca	84094676
711	167665	aws-sdk-iotjobsdataplane	83977892
712	167562	aws-sdk-mediastoredata	83975756
713	167667	aws-sdk-kinesisvideomedia	83964098
714	32741	rack-oauth2	83876401
715	169210	aws-sdk-autoscalingplans	83564835
716	27964	rack-accept	83498921
717	33518	paranoia	83180726
718	16014	spreadsheet	83073894
719	171973	aws-sdk-fms	82595892
720	160394	test-prof	82449551
721	21605	whenever	82118206
722	17356	paperclip	81566702
723	21442	mustache	81514993
724	64057	hana	81390073
725	24865	numerizer	81230673
726	17552	icalendar	81179741
727	42055	libv8	81171897
728	16249	sdoc	81076882
729	112179	logstash-filter-translate	80767745
730	173837	aws-sdk-neptune	80706012
731	24075	attr_encrypted	80610531
732	195831	tsort	80350573
733	154035	aws-sdk-lambdapreview	80333325
734	71078	phonelib	80267332
735	173915	aws-sdk-mediatailor	80126842
736	188858	gapic-common	80111971
737	160189	aws-sdk-codestar	79981542
738	115224	logstash-output-sqs	79964655
739	169449	json_schemer	79925688
740	58858	rspec-parameterized	79776141
741	16057	socksify	79677693
742	95955	proc_to_ast	79472074
743	173794	aws-sdk-pi	79458334
744	35973	amq-protocol	79404099
745	175110	aws-sdk-dlm	79340093
746	172615	aws-sdk-iotanalytics	79337187
747	167704	aws-sdk-alexaforbusiness	79172782
748	164610	aws-sdk-mobile	78907797
749	19332	bunny	78025990
750	136023	dry-equalizer	78004770
751	178951	aws-sdk-kafka	77994852
752	178825	aws-sdk-transfer	77841031
753	178583	aws-sdk-s3control	77821166
754	153982	aws-sigv2	77752323
755	144387	ruby_dep	77600538
756	44977	openid_connect	77435574
757	86700	elasticsearch-model	77304610
758	178703	aws-sdk-quicksight	77294559
759	46013	bootstrap-sass	77219219
760	187899	opentelemetry-api	77124348
761	149719	terrapin	77088445
762	71590	rollbar	76900971
763	184128	omniauth-rails_csrf_protection	76591856
764	178916	aws-sdk-securityhub	76478946
765	148525	mustermann-grape	76471375
766	205553	faraday-follow_redirects	76332290
767	41403	simpleidn	76264991
768	15416	macaddr	76225776
769	150995	grpc-google-iam-v1	75988019
770	73058	toml-rb	75840755
771	59622	fluent-plugin-rewrite-tag-filter	75737540
772	176377	aws-sdk-signer	75686923
773	20627	ohai	75377282
774	178582	aws-sdk-route53resolver	75261129
775	183850	sorbet-static	74923873
776	20557	acts_as_list	74922421
777	20625	mixlib-cli	74849122
778	178580	aws-sdk-ram	74840751
779	178115	aws-sdk-chime	74543749
780	29107	citrus	74521023
781	15317	sequel	74407633
782	176359	strings-ansi	74184659
783	45281	swd	74164367
784	69258	webfinger	73987084
785	90416	monetize	73913025
786	18821	email_spec	73830713
787	25547	ffaker	73694661
788	57581	marginalia	73542256
789	173343	aws-sdk-iot1clickprojects	73389749
790	173344	aws-sdk-iot1clickdevicesservice	73380046
791	178826	aws-sdk-datasync	73328891
792	178823	aws-sdk-amplify	73173107
793	178915	aws-sdk-fsx	73158512
794	178704	aws-sdk-rdsdataservice	73062423
795	15415	uuid	73059763
796	34922	fuubar	73003500
797	173290	stimulus-rails	72956913
798	55123	arr-pm	72588594
799	179478	aws-sdk-apigatewayv2	72497085
800	38188	rbtrace	72110100
801	25852	wkhtmltopdf-binary	71883358
802	21139	factory_girl	71801907
803	16578	ruby-graphviz	71736686
804	178923	aws-sdk-appmesh	71703855
805	15333	json_pure	71613706
806	178851	aws-sdk-globalaccelerator	71591986
807	24206	has_scope	71557689
808	15727	rbtree	71508314
809	22245	fast_gettext	71223731
810	20624	mixlib-config	71200997
811	41879	recursive-open-struct	71035711
812	178581	aws-sdk-pinpointsmsvoice	71010968
813	178323	aws-sdk-pinpointemail	71003113
814	165171	strings	70993811
815	76447	lru_redux	70925046
816	181543	aws-sdk-textract	70914454
817	22149	acts-as-taggable-on	70847072
818	178922	aws-sdk-licensemanager	70826417
819	178886	aws-sdk-mediaconnect	70770342
820	178885	aws-sdk-kinesisanalyticsv2	70740663
821	178884	aws-sdk-comprehendmedical	70686627
822	98337	pg_query	70042515
823	180221	aws-sdk-backup	69868446
824	117978	simplecov-cobertura	69782113
825	138056	flipper-active_record	69625098
826	180034	aws-sdk-docdb	69607083
827	97693	state_machines-activemodel	69113270
828	178824	aws-sdk-robomaker	69104851
829	76488	sigdump	69102637
830	179479	aws-sdk-apigatewaymanagementapi	68495008
831	149016	warning	68415155
832	87424	prometheus-client	68323860
833	20164	sync	68062178
834	47630	omniauth-facebook	68031398
835	47410	bugsnag	67565042
836	187906	aws-sdk-sesv2	67391619
837	85007	elasticsearch-rails	67376429
838	20489	delayed_job	67223625
839	97656	state_machines-activerecord	67009061
840	45495	charlock_holmes	66610876
841	20626	mixlib-log	66580816
842	23894	gherkin	66552680
843	173623	fluent-config-regexp-type	66548886
844	174499	aws-sdk-macie	66282668
845	53864	omniauth-saml	66232274
846	185061	aws-sdk-eventbridge	66032682
847	194355	terser	65954761
848	21963	text	65849035
849	17802	locale	65753190
850	136102	semantic_range	65747366
851	39068	mini_portile	65742539
852	23646	thrift	65655233
853	41400	gon	65253943
854	15796	sys-filesystem	64982468
855	181999	aws-sdk-transcribestreamingservice	64960275
856	15551	trollop	64764467
857	47652	fluentd	64692248
858	51162	jira-ruby	64608773
859	55097	font-awesome-rails	64403141
860	22212	formtastic	64129301
861	129862	with_env	63834005
862	138535	graphiql-rails	63734202
863	75441	fast_blank	63641060
864	191609	view_component	63600382
865	70432	grape-entity	63532459
866	117676	device_detector	63453462
867	18338	hitimes	63223643
868	184365	aws-sdk-personalize	63079255
869	115246	logstash-output-statsd	63057283
870	29783	escape_utils	62880718
871	197484	sorted_set	62876328
872	15307	rack-cache	62802554
873	115012	fog-aliyun	62628170
874	183893	aws-sdk-mediapackagevod	62523644
875	183346	aws-sdk-managedblockchain	62415390
876	187901	opentelemetry-sdk	62277853
877	43480	draper	62181193
878	97182	sendgrid-ruby	62173614
879	184364	aws-sdk-personalizeruntime	62073379
880	154318	opentracing	61894812
881	15857	gettext	61628741
882	24795	em-websocket	61525855
883	98844	devise-two-factor	61450704
884	202177	importmap-rails	61195883
885	148005	dry-struct	61118238
886	184137	aws-sdk-ioteventsdata	61107009
887	184138	aws-sdk-iotevents	61003279
888	184091	aws-sdk-groundstation	60932886
889	197043	opentelemetry-common	60836835
890	184108	aws-sdk-iotthingsgraph	60792137
891	47043	delayed_job_active_record	60722136
892	184744	aws-sdk-ec2instanceconnect	60468931
893	184363	aws-sdk-personalizeevents	60388966
894	184689	aws-sdk-applicationinsights	60318988
895	180449	aws-sdk-worklink	60223611
896	24752	memoizable	60200674
897	142508	ruby_http_client	60145873
898	111355	aws-sdk-v1	60141804
899	65263	gemoji	59879640
900	18612	friendly_id	59853778
901	29132	vault	59756985
902	20599	fog	59681205
903	24790	therubyracer	59611746
904	186007	aws-sdk-forecastservice	59507239
905	111813	combine_pdf	59473497
906	74547	rspec-sidekiq	59402049
907	22224	inherited_resources	59385057
908	62457	murmurhash3	59252040
909	31740	haml-rails	59052930
910	15370	net-ssh-gateway	58706556
911	184688	aws-sdk-servicequotas	58676280
912	201686	opentelemetry-semantic_conventions	58544388
913	185719	aws-sdk-lakeformation	58462232
914	36018	gssapi	58457210
915	145883	tty-command	58396297
916	25943	health_check	58297679
917	19129	config	58280242
918	110843	licensee	58047731
919	20677	gpgme	58043255
920	63933	restforce	58025949
921	55835	license_finder	57888062
922	204298	opensearch-ruby	57694949
923	42660	rinku	57631612
924	30714	minitar	57527718
925	59327	einhorn	57415395
926	188151	aws-sdk-appconfig	57409399
927	186006	aws-sdk-forecastqueryservice	57408979
928	187204	chef-utils	57353550
929	101341	prawn-table	57138910
930	14986	rmagick	57019751
931	188157	aws-sdk-wafv2	56654793
932	91000	ffi-yajl	56531172
933	126752	chef-config	56380537
934	184522	fluent-plugin-grafana-loki	56205626
935	60141	asciidoctor	56176248
936	138098	cucumber-wire	56140404
937	34467	clamp	56015024
938	173920	sorbet	55979876
939	36850	ref	55926536
940	186543	aws-sdk-workmailmessageflow	55854266
941	188336	aws-sdk-networkmanager	55800495
942	42251	gems	55577570
943	56275	money-rails	55557030
944	188342	aws-sdk-kendra	55531035
945	186167	fastlane-plugin-firebase_app_distribution	55486318
946	44012	mock_redis	55479649
947	188307	aws-sdk-accessanalyzer	55244137
948	121129	babel-source	55217652
949	45607	minitest-reporters	55146433
950	82272	http-parser	55141447
951	15793	sys-uname	55121448
952	187878	aws-sdk-marketplacecatalog	54952020
953	98020	libyajl2	54923083
954	23038	resque	54898342
955	186480	aws-sdk-qldbsession	54829900
956	188341	aws-sdk-frauddetector	54754806
957	42474	arbre	54724352
958	186481	aws-sdk-qldb	54670949
959	206351	opentelemetry-registry	54669737
960	187695	aws-sdk-codestarnotifications	54456370
961	188340	aws-sdk-outposts	54309835
962	32577	validate_email	54255006
963	36827	rb-readline	54185124
964	187730	aws-sdk-savingsplans	54184835
965	121131	babel-transpiler	54145557
966	29859	factory_girl_rails	54133167
967	98712	wmi-lite	54119552
968	81110	rspec-collection_matchers	54079274
969	74312	mono_logger	54061396
970	129667	fluent-plugin-ignore-filter	53891389
971	85727	capistrano-bundler	53861401
972	187905	aws-sdk-dataexchange	53754659
973	74178	async	53720627
974	113967	derailed_benchmarks	53716004
975	188335	aws-sdk-computeoptimizer	53586731
976	188607	aws-sdk-detective	53579881
977	186456	caxlsx	53564765
978	67101	html-pipeline	53462595
979	188292	aws-sdk-imagebuilder	53455797
980	149529	atlassian-jwt	53398377
981	188337	aws-sdk-codegurureviewer	53383481
982	188339	aws-sdk-augmentedairuntime	53324329
983	126428	fluent-plugin-prometheus	53315160
984	95828	fuzzyurl	53224513
985	29024	console	53099795
986	188067	aws-sdk-connectparticipant	53027677
987	226968	rubocop-rspec_rails	52916831
988	37206	shoulda-context	52829951
989	188152	aws-sdk-iotsecuretunneling	52658439
990	188046	aws-sdk-migrationhubconfig	52638272
991	188367	aws-sdk-ebs	52593205
992	188338	aws-sdk-codeguruprofiler	52565372
993	151757	rswag-ui	52533261
994	188293	aws-sdk-schemas	52460367
995	48153	omniauth-github	52379921
996	33763	timeliness	52286996
997	188375	aws-sdk-kinesisvideosignalingchannels	52199749
998	134060	heapy	52182526
999	37021	pg_search	52141669
1000	188738	aws-sdk-codestarconnections	52043734
