rank	crate_id	name	downloads
1	93342	hashbrown	2611212509
2	6274	syn	2560886769
3	109516	getrandom	2160167145
4	793	bitflags	1955088295
5	31712	rand_core	1848596924
6	1339	rand	1831212338
7	795	libc	1721860130
8	6224	quote	1709548804
9	22124	proc-macro2	1702920400
10	3569	base64	1667564960
11	466814	windows-sys	1665998927
12	48918	indexmap	1632930685
13	314	itertools	1593404276
14	171266	thiserror-impl	1563274634
15	171267	thiserror	1563091467
16	2556	cfg-if	1521225702
17	2233	regex-syntax	1511697241
18	2364	memchr	1501459981
19	463	serde	1480783419
20	459332	unicode-ident	1459285382
21	91129	rand_chacha	1456557389
22	5486	itoa	1420969408
23	6169	serde_derive	1400859020
24	2782	serde_json	1383558252
25	67825	autocfg	1363305272
26	9167	heck	1362457995
27	77028	once_cell	1325450046
28	547	log	1323482708
29	105119	regex-automata	1316474694
30	569	cc	1308843538
31	18126	socket2	1291272106
32	1783	smallvec	1258172906
33	545	regex	1220036328
34	473904	rustix	1205084254
35	2365	aho-corasick	1202600881
36	1498	clap	1193208640
37	76396	ryu	1186960137
38	6133	parking_lot_core	1159133396
39	473110	windows_x86_64_msvc	1154283636
40	6736	digest	1147756998
41	409357	linux-raw-sys	1137779682
42	1368	strsim	1129699929
43	5055	parking_lot	1129633584
44	18632	block-buffer	1121567445
45	473671	windows_x86_64_gnu	1112995422
46	477460	windows_aarch64_msvc	1105889998
47	473109	windows_i686_msvc	1104245773
48	1315	bytes	1103765049
49	473669	windows_i686_gnu	1102198510
50	661906	windows-targets	1099560019
51	62	mio	1094887606
52	174693	pin-project-lite	1085952222
53	184	http	1076976082
54	8082	version_check	1076569924
55	4746	num-traits	1068567333
56	3048	either	1064099723
57	657016	windows_aarch64_gnullvm	1053457211
58	657025	windows_x86_64_gnullvm	1053336605
59	7	semver	1046675377
60	69133	lock_api	1041596856
61	389800	cpufeatures	1035284809
62	363	lazy_static	1030892821
63	5563	tokio	1028289563
64	4991	sha2	1016405534
65	170198	anyhow	1014719872
66	4577	idna	1005400820
67	1994	scopeguard	996159869
68	54007	futures-core	983052125
69	2392	slab	979122112
70	327	hyper	973789285
71	791966	winnow	971869076
72	54020	futures-util	970072172
73	79521	zerocopy	969494364
74	11	toml	969270227
75	6137	rustls	968628961
76	152488	futures-task	968174306
77	246734	fastrand	963275879
78	29582	crossbeam-utils	960946373
79	3111	typenum	952971521
80	35141	miniz_oxide	951600025
81	18850	percent-encoding	948625655
82	3121	generic-array	946326999
83	353576	crypto-common	946008099
84	90	time	944747640
85	112081	ppv-lite86	939563612
86	54019	futures-sink	928209650
87	54009	futures-channel	926930030
88	568652	clap_lex	926302565
89	125857	http-body	924256188
90	109	url	923358138
91	142370	tracing-core	910721332
92	40771	tracing	900056802
93	1612	errno	893293728
94	2450	shlex	892082291
95	5849	futures-io	884466669
96	777488	equivalent	879108932
97	43459	toml_edit	871630350
98	1867	tempfile	859301611
99	8906	h2	856324712
100	66890	rustc-hash	852767700
101	120	chrono	852210520
102	693738	toml_datetime	851922570
103	10	uuid	850473139
104	1869	unicode-width	845689859
105	255839	form_urlencoded	844642405
106	1343	byteorder	844325005
107	56	nix	843729542
108	129790	tokio-macros	842687299
109	1788	fnv	838510292
110	178725	futures-macro	832733729
111	754695	rustls-webpki	830155087
112	5848	futures	829023946
113	49101	tokio-util	823136303
114	5299	untrusted	814940864
115	8630	tokio-rustls	812440060
116	147454	rustversion	811297768
117	117734	ahash	806306666
118	236945	clap_derive	806228302
119	822608	clap_builder	802868623
120	34	pkg-config	801371107
121	124199	wasi	797967535
122	54021	futures-executor	788991985
123	6152	webpki-roots	788480361
124	155163	tracing-attributes	788264927
125	589251	anstyle	787722423
126	2906	rustc_version	783666141
127	130707	signal-hook-registry	778762930
128	5981	ring	777863540
129	14734	darling_core	776351268
130	14735	darling_macro	776243491
131	14736	darling	776170700
132	35941	memoffset	769997214
133	6874	reqwest	768403458
134	196005	tinyvec	767754324
135	7118	redox_syscall	766774231
136	805	nom	765886107
137	1432	httparse	761996720
138	6798	synstructure	743016329
139	16996	subtle	741968139
140	87769	zeroize	738592768
141	96449	crc32fast	732258905
142	4697	thread_local	730023012
143	811574	anstream	728933849
144	77760	pin-utils	728240780
145	185871	time-macros	727629247
146	4747	num-integer	724367536
147	37	flate2	723118586
148	805087	anstyle-parse	714574511
149	7751	tower	707722209
150	258651	iana-time-zone	707065601
151	40618	crossbeam-epoch	701771188
152	8893	stable_deref_trait	701409987
153	151072	async-trait	700529706
154	838341	colorchoice	696957146
155	838340	anstyle-query	696265433
156	1307	spin	694486055
157	323779	time-core	691144419
158	3290	hex	687704133
159	274712	tinyvec_macros	686816620
160	6784	hyper-rustls	681841174
161	242446	sync_wrapper	681030839
162	51910	tower-service	675286372
163	8483	strum_macros	674682324
164	55853	want	667531878
165	55851	try-lock	667008388
166	40627	crossbeam-deque	666422119
167	8484	strum	666195335
168	6531	utf8parse	663128654
169	3119	walkdir	662034158
170	1838149	serde_core	648616978
171	121	mime	647470129
172	117694	zerocopy-derive	645257569
173	144108	tracing-subscriber	643453754
174	7992	same-file	641218814
175	321432	deranged	640390288
176	6030	object	639774877
177	8	glob	637097053
178	7142	openssl-probe	636895182
179	1964	unicode-xid	634329384
180	1335130	foldhash	633849245
181	171342	displaydoc	633590998
182	356	phf_shared	632841317
183	391760	yoke	630687817
184	155532	tinystr	629240834
185	4750	num-bigint	626020133
186	6855	httpdate	625737995
187	6761	hmac	624132822
188	359238	litemap	622492968
189	40643	crossbeam-channel	622199621
190	27517	ipnet	620462600
191	417987	yoke-derive	620196384
192	981428	icu_properties_data	619099473
193	386783	zerovec	618059718
194	98380	bumpalo	617623914
195	20559	prost	617530729
196	763746	serde_spanned	617138836
197	475519	icu_properties	615689553
198	300037	icu_provider	614926468
199	1592	num_cpus	613088288
200	311783	writeable	612779361
201	496142	zerovec-derive	612320959
202	639084	icu_collections	611917997
203	155838	pin-project-internal	608871328
204	107436	pin-project	608755956
205	981432	icu_normalizer_data	608371239
206	562853	zerofrom	607146955
207	20558	prost-derive	606277067
208	391255	icu_normalizer	604783900
209	1193440	windows_i686_gnullvm	600470292
210	562852	zerofrom-derive	598040227
211	1873	unicode-normalization	597939167
212	2147	arrayvec	596140446
213	6336	serde_urlencoded	594980791
214	1078954	num-conv	592627936
215	1872	unicode-segmentation	586003880
216	358	phf	584879205
217	6711	siphasher	584779869
218	5383	gimli	584454644
219	5060	rustc-demangle	583275213
220	1290460	idna_adapter	583272747
221	16646	jobserver	583132374
222	178110	rustls-native-certs	582011030
223	144097	tracing-log	579605334
224	3608	rayon	577814736
225	996989	powerfmt	577770087
226	169478	sharded-slab	577425366
227	1306	env_logger	577175712
228	1227952	is_terminal_polyfill	571082439
229	8934	rayon-core	567286101
230	174155	hermit-abi	565985114
231	114057	proc-macro-crate	565082244
232	54069	wasm-bindgen	563028831
233	54066	wasm-bindgen-macro	562324205
234	79325	wasm-bindgen-macro-support	562279143
235	54064	wasm-bindgen-shared	561699457
236	242439	event-listener	561551686
237	366446	nu-ansi-term	559183450
238	300	sha1	558021168
239	1325248	adler2	557369232
240	231014	convert_case	557176938
241	5617	encoding_rs	555795587
242	390375	minimal-lexical	555583461
243	959721	rustls-pki-types	553332461
244	3385	libloading	550812979
245	328282	rustls-pemfile	549147225
246	130412	tower-layer	548781728
247	570230	utf8_iter	547453322
248	226611	cfg_aliases	543852737
249	93931	paste	543148587
250	768	petgraph	536819505
251	7456	addr2line	533655042
252	7317	termcolor	532943625
253	1764	fixedbitset	524862569
254	27332	static_assertions	524840289
255	75112	js-sys	523722532
256	507904	prettyplease	523618379
257	2361	unicode-bidi	523073160
258	514126	hyper-util	515420304
259	153870	matchers	515244955
260	429	winapi	514793723
261	1816152	find-msvc-tools	513454296
262	155083	schemars	513330632
263	4596	derive_more	511343113
264	2350	backtrace	510331843
265	247317	atomic-waker	509589115
266	795790	allocator-api2	509515305
267	425909	axum	501716664
268	272933	const-oid	501012812
269	11361	vcpkg	499745869
270	697186	http-body-util	499667123
271	319472	tokio-stream	499350506
272	8912	tower-http	497481019
273	440377	axum-core	496762283
274	74142	libm	496543804
275	1991770	zmij	495351532
276	14055	ident_case	493679379
277	324007	der	488411770
278	538233	portable-atomic	486353580
279	4482	half	486261292
280	31316	prost-types	481572647
281	1450	phf_generator	476198255
282	325332	matchit	473307868
283	1386	core-foundation	471955145
284	33	ordered-float	470786071
285	41	openssl-sys	465831103
286	93702	signature	463890494
287	1306222	windows-link	462254993
288	2294	bit-vec	461094558
289	482269	windows-core	456515628
290	5127	humantime	453580261
291	8318	foreign-types	449125066
292	4043	quick-xml	448614661
293	40682	foreign-types-shared	448465612
294	319145	spki	447521305
295	981047	zerotrie	443162598
296	3572	data-encoding	443080201
297	24000	home	441735434
298	88962	bstr	441235003
299	1458137	potential_utf	439725841
300	7649	textwrap	439331143
301	1458139	icu_locale_core	438423017
302	3163	which	434778787
303	3240	core-foundation-sys	434438861
304	253276	pkcs8	430253511
305	7346	winapi-x86_64-pc-windows-gnu	425751563
306	345009	base64ct	425106403
307	4304	serde_yaml	424512717
308	7345	winapi-i686-pc-windows-gnu	423514272
309	381134	simd-adler32	423502672
310	2295	bit-set	423495250
311	81177	winapi-util	421165276
312	17770	zstd-safe	419140516
313	749	unicase	416009334
314	231	openssl	414750608
315	74837	tonic	413432426
316	4250	zstd	410037434
317	251	bindgen	407611745
318	75113	web-sys	403704353
319	4751	num-rational	402670683
320	4748	num-complex	399896631
321	2028	filetime	399161583
322	159584	dashmap	397826918
323	166863	bytemuck	396805359
324	4749	num-iter	394532115
325	66926	target-lexicon	393458070
326	3019	quick-error	391615164
327	23927	crunchy	389996130
328	3520	security-framework	388858994
329	2463	cipher	387804665
330	27924	serde_with	385135944
331	1124556	windows-result	385029967
332	101112	r-efi	382274834
333	9834	md-5	381087912
334	125425	serde_with_macros	378872091
335	20561	prost-build	378373730
336	9141	zstd-sys	378150074
337	83644	crossbeam-queue	371591426
338	7873	lru	369728959
339	13864	console	368320872
340	191672	dyn-clone	367167121
341	199726	memmap2	362964001
342	133850	dirs-sys	361999920
343	242384	parking	360802392
344	147087	hashlink	359322036
345	242702	concurrent-queue	357192774
346	2572	atty	356676114
347	7931	hyper-tls	354804899
348	132389	async-channel	352007797
349	518841	is-terminal	351829604
350	805089	anstyle-wincon	351725241
351	3485	dirs	349802858
352	7195	native-tls	349080885
353	108581	windows	348793916
354	148248	proc-macro-error	347269565
355	79331	wasm-bindgen-futures	346775331
356	1124552	windows-strings	346614736
357	60846	arc-swap	346467232
358	170331	proc-macro-error-attr	345782212
359	4833	pest	345703692
360	23408	hyper-timeout	345007159
361	40574	opaque-debug	343985888
362	87678	quinn-proto	343699951
363	356052	pem-rfc7468	341586650
364	6760	aes	340426486
365	139543	async-stream	339829072
366	156575	async-stream-impl	339561810
367	461629	quinn-udp	338372158
368	579414	openssl-macros	336675872
369	22773	sct	336658951
370	4483	indoc	335114721
371	87679	quinn	335109764
372	137	bincode	334595725
373	126785	instant	333929762
374	2168	constant_time_eq	333706689
375	2725	cmake	332308061
376	40228	dunce	330453925
377	9019	tungstenite	329333485
378	4311	pem	328642143
379	1939	multimap	326422419
380	1451	phf_codegen	324171651
381	1742802	toml_parser	323832755
382	54048	ucd-trie	322647509
383	3519	security-framework-sys	322097818
384	248070	futures-lite	319954040
385	3731	clang-sys	319313444
386	3252	schannel	317203552
387	614264	android_system_properties	315682805
388	1600	linked-hash-map	314971277
389	522753	windows-implement	313547207
390	435774	inout	313246287
391	58848	wasm-bindgen-backend	311726749
392	5655	cexpr	309276348
393	618431	unsafe-libyaml	307154195
394	534913	windows-interface	307056884
395	136163	async-lock	307034245
396	27637	pest_derive	303106070
397	105940	serde_path_to_error	302330567
398	683649	iana-time-zone-haiku	301415080
399	87220	pest_meta	301241129
400	87359	pest_generator	301042713
401	366443	valuable	300494912
402	8431	fs_extra	300125144
403	1585	crc	298052934
404	41500	criterion	297050622
405	225943	tokio-native-tls	296545709
406	9	num	295769429
407	9020	tokio-tungstenite	295152017
408	2531	mime_guess	294429735
409	108260	serde_repr	294145741
410	391677	crypto-bigint	294044174
411	72056	bitvec	293294951
412	137211	radium	287856161
413	144112	tracing-serde	287843532
414	923898	derive_more-impl	287821038
415	238	zip	287606629
416	20530	tap	285791918
417	872	phf_macros	285325366
418	87993	rand_xorshift	285160505
419	96162	num_enum	284991679
420	155479	num_enum_derive	284858743
421	4988	fallible-iterator	283694398
422	3328	utf-8	282915400
423	688	hkdf	282829554
424	258236	adler	282743900
425	211920	funty	281813641
426	166684	wyz	281693798
427	179476	opentelemetry	281238952
428	4300	criterion-plot	281214179
429	6499	urlencoding	280671773
430	11930	brotli-decompressor	280338255
431	359582	camino	280034536
432	2624	combine	279087471
433	3538	brotli	278731847
434	123393	zeroize_derive	276412702
435	4120	cast	276157038
436	969726	event-listener-strategy	275692709
437	401748	pyo3-build-config	275527429
438	2913	arrayref	275476669
439	7509	curve25519-dalek	274288527
440	35006	ref-cast	274198237
441	35005	ref-cast-impl	274183605
442	2576	xattr	273853034
443	189322	crc-catalog	273195133
444	17267	yansi	271543594
445	482963	wit-bindgen	269934185
446	149261	oorandom	269047829
447	821852	web-time	267888817
448	24723	pyo3	266623460
449	324813	pyo3-macros	263741011
450	324812	pyo3-macros-backend	263615494
451	109540	tinytemplate	260507408
452	8200	cargo_metadata	259727974
453	192	csv	258318694
454	2059	twox-hash	257250287
455	15639	csv-core	257062941
456	163853	tonic-build	256941118
457	273658	polling	256302920
458	8735	pbkdf2	255945880
459	71297	signal-hook	254406429
460	512489	base16ct	253986674
461	6755	chacha20	253632476
462	1460	libsqlite3-sys	253545814
463	485425	ciborium-io	253241758
464	319466	ciborium	253197012
465	485426	ciborium-ll	253128520
466	540548	pyo3-ffi	252637900
467	20737	ff	252297681
468	6811	globset	251355327
469	17354	wasmparser	250797439
470	3511	tiny-keccak	249951629
471	708803	aws-lc-sys	249219413
472	481996	num_threads	248984151
473	72569	group	248477926
474	1257636	lru-slab	248442392
475	153104	flume	247733192
476	6663	num-derive	247507888
477	836213	aws-lc-rs	247171356
478	2215	png	246113431
479	186697	elliptic-curve	246006241
480	6	tar	245488070
481	93151	alloc-stdlib	245464425
482	6054	erased-serde	245425755
483	8398	fancy-regex	245240534
484	326	cookie	245029818
485	5171	alloc-no-stdlib	244010593
486	93701	ecdsa	241854265
487	281028	sec1	241634705
488	168185	cargo-platform	241314457
489	4445	colored	240589667
490	39	libz-sys	239462637
491	129910	plotters	239210560
492	11313	serde_derive_internals	239002620
493	6766	ed25519	238439004
494	155080	schemars_derive	237362532
495	3000	wait-timeout	236254593
496	387267	simdutf8	235479342
497	202831	plotters-backend	235209758
498	144157	opentelemetry_sdk	234911357
499	57940	redox_users	234911284
500	75737	rsa	234833473
501	352752	rfc6979	234513256
502	17355	predicates	234419598
503	202835	plotters-svg	234138609
504	154567	overload	232111356
505	134350	async-compression	231755422
506	135067	async-io	230043116
507	12083	indicatif	229220424
508	26343	whoami	228847637
509	63720	iri-string	228830764
510	1993	diff	228096591
511	5698	unindent	228066947
512	1886	winreg	228052050
513	7514	ed25519-dalek	227575305
514	399	ansi_term	227384159
515	6759	aead	226934869
516	253269	pkcs1	226051680
517	15425	stringprep	225620386
518	175630	anes	224387277
519	515651	option-ext	219735180
520	71234	ureq	218221785
521	76594	ctr	218102057
522	1001588	libredox	217923690
523	7563	hostname	217721156
524	160769	universal-hash	217512493
525	33676	futures-timer	216881291
526	9165	pretty_assertions	215883190
527	1684645	once_cell_polyfill	215667529
528	1742801	toml_writer	215586768
529	183053	tracing-opentelemetry	215403264
530	2928	terminal_size	215385197
531	2677	sysinfo	214685760
532	98411	num-bigint-dig	212677325
533	1143399	jiff	212052672
534	9991	serde_bytes	211459473
535	4465	lazycell	211440066
536	345865	similar	210458972
537	1105559	env_filter	209626758
538	76727	predicates-core	209603845
539	5918	derive_builder	209429022
540	9150	derive_builder_core	209382458
541	76728	predicates-tree	209330245
542	52057	block-padding	209213348
543	100353	ctor	208585240
544	1831464	wasip2	208488391
545	21153	atoi	207321628
546	68142	new_debug_unreachable	206560927
547	136	image	203837461
548	3355	jsonwebtoken	203382684
549	461899	termtree	202885664
550	47345	crossterm	202665772
551	157492	borsh	201809918
552	4691	encode_unicode	201753921
553	4532	scoped-tls	201533910
554	19436	proptest	201159929
555	927717	unicode-properties	200553408
556	341408	derive_builder_macro	200184866
557	185172	os_str_bytes	200179199
558	7164	jni	200087809
559	32355	pathdiff	199473522
560	87994	rand_pcg	199242731
561	4295	jni-sys	198120268
562	132603	async-task	197441839
563	87830	p256	196721612
564	409389	io-lifetimes	196348073
565	6780	derivative	196128760
566	898753	curve25519-dalek-derive	195656043
567	5045	semver-parser	195627452
568	49141	system-configuration	195544737
569	797451	regex-lite	194363516
570	165535	blake3	194224079
571	49140	system-configuration-sys	193324937
572	315525	wasm-encoder	193229889
573	238232	dirs-sys-next	193180366
574	2304	yaml-rust	190321500
575	118252	const-random	189264586
576	456	matches	188719831
577	118250	const-random-macro	187924009
578	630837	outref	187088712
579	156600	polyval	186884504
580	514693	sha1_smol	186242057
581	198	protobuf	185380788
582	817	float-cmp	185164892
583	141416	blocking	184546293
584	7045	ignore	183635384
585	627746	write16	183366326
586	604990	utf16_iter	183305044
587	44519	simple_asn1	182969321
588	599978	unarray	181076617
589	1713	raw-cpuid	180189161
590	2016	vec_map	179527835
591	6750	sha3	179071965
592	1989	string_cache	179033809
593	981392	icu_locid_transform_data	178530701
594	541107	dotenvy	178213397
595	93557	rand_hc	177373221
596	300033	icu_locid	177315110
597	744349	fdeflate	176623816
598	429052	icu_provider_macros	176294270
599	47551	x509-parser	176095950
600	3673	downcast-rs	174991943
601	145557	mockall	174632405
602	6763	blake2	174614173
603	280389	owo-colors	174370422
604	145556	mockall_derive	174178999
605	639092	icu_locid_transform	174110279
606	401540	litrs	174067971
607	624	inotify	173501790
608	350169	ptr_meta	173468663
609	350167	ptr_meta_derive	173456377
610	1649413	toml_write	172841817
611	78	bzip2	172631370
612	145098	async-executor	172480262
613	8762	der-parser	172346469
614	87933	secrecy	172324273
615	61995	hash32	171844457
616	13666	arbitrary	170853361
617	453807	compact_str	170742773
618	3427	approx	170713381
619	53128	rusty-fork	170546883
620	238231	dirs-next	170303084
621	9079	precomputed-hash	170144781
622	6769	ghash	170135543
623	157486	aes-gcm	169533339
624	664166	opentelemetry-proto	169411480
625	419491	asn1-rs	169053796
626	253997	wasm-streams	168810356
627	7862	proc-macro-hack	168147375
628	305541	oid-registry	167909715
629	522582	asn1-rs-derive	167836095
630	468158	aws-smithy-http	167800652
631	2433	md5	167696855
632	525277	document-features	166667890
633	2303	pulldown-cmark	166620837
634	56436	keccak	165883191
635	311298	rkyv	165496697
636	311283	rkyv_derive	165457977
637	657	term	165365495
638	5512	dtoa	165262667
639	276473	opentelemetry-otlp	164937198
640	656850	vsimd	164713295
641	6788	chrono-tz	164708963
642	612	notify	164503419
643	1087761	rustls-platform-verifier	163602547
644	140575	rand_distr	163027083
645	5936	headers	162955079
646	1150346	zlib-rs	162541922
647	157491	borsh-derive	162299448
648	76	bzip2-sys	161596986
649	546	getopts	161423144
650	9835	sha-1	161420418
651	136011	futures-intrusive	160447370
652	13723	inotify-sys	160197778
653	82279	headers-core	159937830
654	505734	base64-simd	159637619
655	392405	rend	159353397
656	184746	sqlx-core	159040468
657	468175	aws-smithy-json	158815902
658	1359899	proc-macro-error-attr2	158682340
659	955483	proc-macro-error2	158634095
660	104626	serial_test	158311699
661	277417	const_format	157943063
662	139518	sqlx	157897474
663	102065	lexical-core	157839690
664	184745	sqlx-macros	157618520
665	345136	opentelemetry-http	156803127
666	104627	serial_test_derive	156685468
667	7163	seahash	156310007
668	412966	castaway	156001153
669	54683	shell-words	155375734
670	108498	quanta	154599532
671	169753	async-recursion	154541774
672	71014	fragile	154487789
673	1238282	typeid	154428849
674	136081	glam	153486913
675	560	number_prefix	153382730
676	312419	bytecheck	153338768
677	312418	bytecheck_derive	153336031
678	3822	serde-value	153045324
679	7268	rust_decimal	152891779
680	278976	bytemuck_derive	151777694
681	20804	fxhash	151604135
682	278094	const_format_proc_macros	151450022
683	3951	prometheus	150782670
684	490	xml-rs	150291622
685	206536	piper	149994470
686	259345	weezl	149907250
687	91116	assert-json-diff	149893771
688	12260	heapless	149841352
689	3293	downcast	149070595
690	509372	asn1-rs-impl	149030683
691	8606	rusticata-macros	148749981
692	4595	matrixmultiply	148254232
693	60829	codespan-reporting	148169438
694	7116	bs58	148142601
695	302117	lz4_flex	147071126
696	204701	fiat-crypto	146938365
697	6638	bytecount	146851479
698	345419	bytes-utils	146639153
699	2112	rmp	146166520
700	100782	enum-as-inner	145652936
701	144099	tracing-futures	145647496
702	57980	debugid	145632720
703	2934	crossbeam	145042057
704	300765	opentelemetry-semantic-conventions	144684113
705	4340	difflib	143659768
706	2255	gif	143642782
707	468145	aws-smithy-types	143177923
708	6848	crypto-mac	142706881
709	96187	id-arena	142421247
710	582267	hybrid-array	142118650
711	616066	primeorder	142033024
712	242430	waker-fn	141436462
713	43197	xmlparser	141290176
714	228425	aws-sigv4	141289520
715	181221	deadpool	141131019
716	468153	aws-smithy-async	140752978
717	58042	doc-comment	140641717
718	204330	fs-err	140320707
719	186024	wit-parser	139889192
720	7587	rawpointer	139759733
721	468160	aws-types	139501705
722	2126	maplit	138848517
723	581890	embedded-io	136839867
724	2910	rmp-serde	136706290
725	1140682	windows-registry	136538704
726	2655	inventory	136495463
727	136298	async-process	136334842
728	468192	aws-smithy-xml	135987031
729	5982	webpki	135309585
730	304119	moka	135056589
731	800738	android-tzdata	134785320
732	791222	sqlx-macros-core	134590151
733	105430	rand_xoshiro	134420430
734	2251	color_quant	133813060
735	184747	sqlx-postgres	133635479
736	394691	aws-sdk-sts	133409834
737	1462	threadpool	133242102
738	14874	peeking_take_while	132996728
739	446287	lexical-util	132721714
740	446293	lexical-parse-float	132658650
741	446289	lexical-parse-integer	132652537
742	747453	aws-credential-types	132505907
743	7651	fallible-streaming-iterator	132304805
744	435633	tagptr	132056343
745	468977	aws-config	132013140
746	19270	tokio-io-timeout	131776940
747	1581853	jiff-static	131306388
748	9220	remove_dir_all	131191071
749	4412	zopfli	130887521
750	886	rust-ini	130714827
751	278011	password-hash	130210007
752	2612	ctrlc	129775945
753	184750	sqlx-sqlite	129438052
754	477	cesu8	128723865
755	832119	aws-smithy-runtime-api	128685281
756	184748	sqlx-mysql	128160091
757	212951	indenter	128030995
758	3717	ndarray	127796966
759	468176	aws-smithy-query	127747296
760	90201	rstest	127682294
761	116653	infer	127494651
762	104434	psm	127314164
763	70636	tiff	127186350
764	832117	aws-smithy-runtime	126812728
765	109700	gethostname	126721037
766	440378	axum-macros	126272383
767	832120	aws-runtime	126062889
768	79831	smol_str	126058411
769	1369	void	125969524
770	5416	rgb	125942170
771	471921	deadpool-runtime	125780229
772	277761	value-bag	125564049
773	484462	objc2	125180596
774	9751	bigdecimal	124591066
775	3942	resolv-conf	123931338
776	487498	http-range-header	123838051
777	247365	async-broadcast	123414389
778	237794	tracing-appender	122856678
779	89540	derive_arbitrary	122585754
780	583384	zune-jpeg	122584372
781	5869	snap	122421039
782	990522	leb128fmt	122407129
783	315043	signal-hook-mio	121596186
784	505887	clap_complete	120988539
785	587208	rstest_macros	120732670
786	794562	zune-core	119692970
787	205184	eyre	119337711
788	84153	ntapi	119057283
789	1199427	byteorder-lite	118566940
790	8683	markup5ever	118477714
791	775747	wasm-metadata	118324286
792	2555	hdrhistogram	118250120
793	1879	config	118148763
794	584222	wit-component	118067723
795	88631	dlv-list	118016571
796	308	rusqlite	117758240
797	112	git2	117736103
798	239686	multer	117603229
799	111478	enumflags2	117553872
800	25715	ron	117545541
801	111477	enumflags2_derive	117534031
802	3190	Inflector	117498900
803	2395	html5ever	117403803
804	77	libgit2-sys	117392276
805	242382	etcetera	117295063
806	80808	seq-macro	117274156
807	394527	aws-sdk-sso	117264191
808	416	ascii	116879116
809	759284	portable-atomic-util	116869818
810	446291	lexical-write-float	116815840
811	446288	lexical-write-integer	116734331
812	97308	ordered-multimap	116448638
813	7025	string_cache_codegen	115653212
814	151725	educe	115406320
815	111033	snafu-derive	115092130
816	164548	gloo-timers	115089334
817	111034	snafu	115086338
818	5067	normalize-line-endings	114171912
819	3986	widestring	113905819
820	38165	relative-path	113705354
821	101192	unicode-linebreak	113401457
822	141916	ttf-parser	113039091
823	2984	metrics	112916557
824	4619	atomic	112440215
825	36395	json-patch	112425367
826	784298	wit-bindgen-core	112368133
827	82614	enum-ordinalize	112250261
828	5564	yasna	112210511
829	1771263	tonic-prost	112117692
830	803957	wit-bindgen-rust	111690292
831	5295	integer-encoding	111522129
832	300207	xxhash-rust	111416173
833	72603	slotmap	111095965
834	2608	stacker	110724027
835	381628	cbc	110713123
836	105193	rcgen	110506827
837	803965	wit-bindgen-rust-macro	110496924
838	309	redis	110237003
839	484467	block2	110106665
840	9514	plain	109763325
841	151612	raw-window-handle	109687600
842	1894	bytesize	108734307
843	3342	unicode_categories	108535029
844	34443	typed-builder	108291497
845	5260	flatbuffers	108028357
846	196946	cfg-expr	107994335
847	29697	openssl-src	107762120
848	10418	cbindgen	107395304
849	267581	tikv-jemalloc-sys	107023748
850	108386	insta	107022890
851	1328515	webpki-root-certs	106972663
852	7544	cpp_demangle	106867032
853	16581	backoff	106663513
854	140282	async-signal	106570490
855	5646	os_pipe	106004967
856	484465	objc2-encode	105326965
857	6767	poly1305	104463894
858	2461	tendril	104333309
859	200219	comfy-table	103735797
860	372993	ark-std	103515539
861	1550627	windows-future	103495708
862	125332	match_cfg	103100608
863	395364	critical-section	102781482
864	865166	windows-numerics	102756304
865	1545965	windows-collections	102743979
866	373035	ark-serialize	102582595
867	281477	async-global-executor	102567731
868	373041	ark-ff-asm	102522544
869	373038	ark-ff-macros	102496648
870	679358	arrow-schema	102261390
871	373064	ark-ff	102246438
872	669362	arrow-buffer	102190772
873	679360	arrow-array	102083269
874	394562	aws-sdk-ssooidc	101690476
875	679359	arrow-data	101634457
876	8827	tokio-retry	101298920
877	1806469	compression-codecs	101273312
878	267582	tikv-jemallocator	101255551
879	1159253	wit-bindgen-rt	101250828
880	704617	arrow-select	101077705
881	1930	ipnetwork	100758877
882	1806452	compression-core	99924953
883	7372	lz4-sys	99651220
884	468155	aws-smithy-eventstream	99631963
885	1438386	ureq-proto	99609578
886	2915	adler32	99372512
887	85328	nohash-hasher	98915399
888	715216	arrow-cast	98855110
889	78268	smawk	98792510
890	1831465	wasip3	98733848
891	116368	tokio-test	98669830
892	1654003	windows-threading	97971656
893	10230	thrift	97480821
894	224005	jsonschema	97384103
895	87831	p384	96459922
896	393248	jsonpath-rust	96332096
897	110	cssparser	96068622
898	129727	metrics-util	95971925
899	648	handlebars	95921292
900	137922	async-std	95676418
901	100262	triomphe	95652409
902	484466	objc2-foundation	94986324
903	8949	serde_qs	94824820
904	836	language-tags	94626007
905	1601	lru-cache	94126363
906	161367	kv-log-macro	93894686
907	3973	fraction	93708257
908	2697	endian-type	93403330
909	1626	radix_trie	93362383
910	347	nalgebra	93183894
911	394388	aws-sdk-s3	92481439
912	166092	sketches-ddsketch	92420187
913	585938	object_store	92316390
914	1229410	objc2-core-foundation	92260624
915	715218	arrow-ipc	92212105
916	314285	scc	91675174
917	530520	cmov	91356267
918	297742	chrono-tz-build	90957395
919	1208432	sdd	90920002
920	566344	backon	90913137
921	244576	zvariant_derive	90812780
922	193679	zvariant	90765633
923	1586885	aws-smithy-http-client	90612964
924	4164	jpeg-decoder	90552334
925	266923	zbus_macros	90520157
926	262139	zbus	90508904
927	8363	structopt	90429614
928	1556677	aws-smithy-observability	90417101
929	729745	wasite	90376396
930	629004	aws-smithy-checksums	90271251
931	1571027	moxcms	90258091
932	6758	chacha20poly1305	90186009
933	8362	structopt-derive	89840941
934	7339	scroll	89794858
935	105049	crossterm_winapi	89785547
936	2979	fs2	89471768
937	1624	nibble_vec	89383770
938	6753	salsa20	89247666
939	2680	lalrpop-util	88715990
940	1041732	enum-ordinalize-derive	88706758
941	1585750	pastey	88448511
942	67510	assert_cmd	88296096
943	5176	bit_field	87886967
944	8466	parse-zoneinfo	87799707
945	1991483	ctutils	87582871
946	983985	hickory-proto	87053485
947	52108	globwalk	86897355
948	297932	proc-macro2-diagnostics	86791955
949	429318	zbus_names	86480858
950	31892	crc32c	86464173
951	1721747	pxfm	86159544
952	14144	dialoguer	86072700
953	101450	actix-rt	85967356
954	503470	prost-reflect	85856609
955	1833	typed-arena	85821175
956	435355	reqwest-middleware	85678222
957	4174	take_mut	85541923
958	3129	serde_cbor	85437427
959	631904	aligned-vec	85325687
960	290576	ouroboros	85187901
961	107844	cookie_store	85181324
962	187036	bytestring	85036729
963	735301	arrow-ord	84964782
964	2023	secp256k1	84908074
965	778	fsevent-sys	84829141
966	290575	ouroboros_macro	84806696
967	102371	enum_dispatch	84621090
968	58018	arrow	84505705
969	750077	arrow-arith	84375225
970	186731	k256	84179482
971	229749	wiremock	84173884
972	983986	hickory-resolver	84081391
973	36736	actix-web	83940993
974	735302	arrow-string	83903167
975	95665	logos	83713494
976	124414	actix-http	83682486
977	95666	logos-derive	83677854
978	1041530	equator	83432404
979	1041529	equator-macro	83415360
980	750080	arrow-row	82961120
981	70550	procfs	82733089
982	134715	serde-wasm-bindgen	82650743
983	804017	zvariant_utils	82355821
984	909415	typed-builder-macro	81922140
985	598871	jsonptr	81907883
986	1126700	image-webp	81859887
987	6938	ena	81756922
988	181452	governor	81743602
989	76715	json5	81711287
990	660	selectors	81636708
991	956410	serde-untagged	81634797
992	58399	parquet	81313237
993	82773	sqlparser	81169941
994	188309	secp256k1-sys	81154886
995	564732	fluent-uri	81066102
996	5374	leb128	80875568
997	72288	k8s-openapi	80779512
998	66839	console_error_panic_hook	80747101
999	8964	version-compare	80746683
1000	101456	actix-server	80732831
